date,BTCUSDT,ETHUSDT,XRPUSDT,BNBUSDT,SOLUSDT,TRXUSDT,DOGEUSDT,ADAUSDT,sentiment_score,BTCUSDT_ma7,BTCUSDT_ma21,BTCUSDT_lag1,BTCUSDT_lag2,BTCUSDT_volatility_7d,BTCUSDT_RSI,ETHUSDT_ma7,ETHUSDT_ma21,ETHUSDT_lag1,ETHUSDT_lag2,ETHUSDT_volatility_7d,ETHUSDT_RSI,XRPUSDT_ma7,XRPUSDT_ma21,XRPUSDT_lag1,XRPUSDT_lag2,XRPUSDT_volatility_7d,XRPUSDT_RSI,BNBUSDT_ma7,BNBUSDT_ma21,BNBUSDT_lag1,BNBUSDT_lag2,BNBUSDT_volatility_7d,BNBUSDT_RSI,SOLUSDT_ma7,SOLUSDT_ma21,SOLUSDT_lag1,SOLUSDT_lag2,SOLUSDT_volatility_7d,SOLUSDT_RSI,DOGEUSDT_ma7,DOGEUSDT_ma21,DOGEUSDT_lag1,DOGEUSDT_lag2,DOGEUSDT_volatility_7d,DOGEUSDT_RSI,ADAUSDT_ma7,ADAUSDT_ma21,ADAUSDT_lag1,ADAUSDT_lag2,ADAUSDT_volatility_7d,ADAUSDT_RSI,TRXUSDT_ma7,TRXUSDT_ma21,TRXUSDT_lag1,TRXUSDT_lag2,TRXUSDT_volatility_7d,TRXUSDT_RSI
2025-01-21,106143.82,3327.54,3.1738,692.21,250.33,0.2448,0.37177,1.0058,0.0,102693.39428571428,98426.66952380953,102260.01,101331.57,2290.532393897794,67.77899066242207,3338.2242857142855,3375.2885714285712,3284.0,3215.12,92.39528105863796,48.03047507417311,3.1696714285714287,2.673642857142857,3.1053,2.9587,0.11553845989230686,73.56657963446476,701.6971428571429,702.0604761904763,682.51,683.19,15.661014988697035,47.7140154501025,234.7742857142857,211.0295238095238,242.19,252.42,22.269429611871317,68.04556354916068,0.37975,0.3611152380952381,0.35456,0.3584,0.021346571153232272,55.22440546837224,1.0586285714285715,1.014952380952381,1.0094,0.993,0.05534132615823729,51.44247480013903,0.2397142857142857,0.24648095238095238,0.2383,0.2287,0.00640375633812664,46.32768361581921
2025-01-22,103706.66,3242.6,3.1803,695.52,257.36,0.2536,0.36291,0.9827,0.0,103151.86714285714,98860.71095238095,106143.82,102260.01,2090.133459165641,66.38375202048054,3308.378571428572,3369.68,3327.54,3284.0,82.95987613068752,46.966625357278446,3.1750142857142856,2.714,3.1738,3.1053,0.11495741861767156,72.18069905473732,698.9728571428572,701.4738095238096,692.21,682.51,14.671875265606896,49.80107652703019,242.1314285714286,214.03333333333333,250.33,242.19,19.454008523156418,72.05037560760053,0.3765414285714286,0.3629142857142857,0.37177,0.35456,0.02203782084551588,54.46780836765663,1.0453714285714286,1.0178333333333334,1.0058,1.0094,0.061408759263526284,53.22783672001438,0.24192857142857144,0.24637142857142857,0.2448,0.2383,0.00818468372138162,51.37289636846767
2025-01-23,103910.34,3338.21,3.1194,689.74,253.11,0.2527,0.35206,0.9867,0.0,103712.30142857145,99190.49904761904,103706.66,106143.82,1558.5322697913118,73.581998877982,3312.6871428571426,3364.086666666666,3242.6,3327.54,83.71967704076198,54.30107915489089,3.1570571428571426,2.748142857142857,3.1803,3.1738,0.11196351871842015,73.80310182063386,696.35,700.687619047619,695.52,692.21,14.406993672056325,51.72581429265921,248.12714285714284,216.16666666666666,257.36,250.33,14.018861953674568,76.72941176470587,0.37305142857142853,0.36353952380952376,0.36291,0.37177,0.023902825097026768,57.052679382379644,1.0307285714285714,1.019047619047619,0.9827,1.0058,0.06143657201498458,57.93742757821553,0.24415714285714282,0.2457809523809524,0.2536,0.2448,0.008754781006752359,56.03864734299517
2025-01-24,104870.5,3310.09,3.1009,680.45,253.37,0.2543,0.35085,0.9712,0.0,103825.59,99509.37142857144,103910.34,103706.66,1617.218056560886,72.18017198592804,3289.324285714286,3349.8523809523813,3338.21,3242.6,45.345499907981576,51.57834532215845,3.1297285714285716,2.7789142857142854,3.1194,3.1803,0.09563564039774204,71.96483313089249,690.4485714285714,699.0480952380952,689.74,695.52,10.072426765799134,44.89518322931669,252.96428571428572,217.85142857142858,253.11,257.36,6.109173040444028,76.26969527313443,0.36385142857142855,0.3621566666666667,0.35206,0.36291,0.016061207331716433,54.06895890279575,1.0076142857142858,1.0134190476190477,0.9867,0.9827,0.04470463915417229,54.0295566502463,0.24495714285714287,0.24502380952380953,0.2527,0.2536,0.009466054641517332,54.86111111111112
2025-01-25,104746.85,3318.77,3.108,686.4,256.41,0.2534,0.35352,0.9766,0.0,103852.82142857143,99820.15,104870.5,103910.34,1633.0982710727662,72.18796904356225,3290.9042857142854,3333.7519047619044,3310.09,3338.21,46.27603226190374,51.324576533545624,3.1066285714285717,2.8116714285714286,3.1009,3.1194,0.07305467619725825,67.70819453697536,687.1457142857143,697.7619047619048,680.45,689.74,5.55325987489348,45.95888261142496,252.17000000000002,219.74380952380952,253.37,253.11,5.004761066557159,76.75857747140843,0.3577242857142857,0.36018952380952374,0.35085,0.35206,0.007434816422622242,53.021385128506964,0.9893428571428571,1.0089380952380953,0.9712,0.9867,0.014312914581226997,47.88921152557516,0.24654285714285715,0.24424761904761905,0.2543,0.2527,0.009867937498595726,56.31364562118127
2025-01-26,102620.0,3232.61,3.0223,667.37,240.5,0.2462,0.33605,0.953,0.0,104036.88285714286,100022.83523809524,104746.85,104870.5,1349.5708836603285,66.19029096625178,3293.402857142857,3314.5433333333326,3318.77,3310.09,41.75342848768443,48.7847599296569,3.115714285714286,2.8413333333333335,3.108,3.1009,0.052713863722667446,67.08693643144763,684.8857142857142,695.7657142857142,686.4,680.45,9.351561112354574,40.926559988819776,250.46714285714285,221.03380952380954,256.41,253.37,6.659756537806052,68.15927348934683,0.3545314285714286,0.35798714285714284,0.35352,0.35085,0.011027365095632664,50.032398407849676,0.9836285714285714,1.0023619047619048,0.9766,0.9712,0.019612981609613087,48.34272829763246,0.24904285714285712,0.24346190476190477,0.2534,0.2543,0.006086284346204823,56.42857142857142
2025-01-27,102082.83,3182.44,3.0552,679.74,234.89,0.2465,0.33397,0.9345,0.0,104011.57142857143,100015.56047619048,102620.0,104746.85,1389.5209101992168,64.81737671018514,3278.894285714286,3290.4952380952377,3232.61,3318.77,59.45718932059249,51.666951108208984,3.1085571428571432,2.871580952380952,3.0223,3.108,0.05754339977046356,67.39471619147267,684.4899999999999,693.4,667.37,686.4,9.525828047997043,47.04868019631252,249.42428571428573,221.82761904761907,240.5,256.41,8.491540608438227,68.1735606484069,0.35158999999999996,0.35542285714285715,0.33605,0.35352,0.01348965158927373,49.05083804055931,0.9729285714285714,0.9947952380952382,0.953,0.9766,0.02329532959527183,48.87166628675632,0.2502142857142857,0.24241904761904765,0.2462,0.2534,0.004157494666835126,63.54285714285713
2025-01-28,101335.52,3077.72,3.0572,661.29,227.06,0.2399,0.31871,0.9169,0.0,103324.67142857143,100224.17523809525,102082.83,102620.0,1347.624834494943,59.869747266867215,3243.2057142857143,3276.0385714285712,3182.44,3232.61,91.65143476911969,44.579152220601486,3.0919,2.909009523809524,3.0552,3.0223,0.052131500394040825,64.0545021988321,680.0728571428571,691.6514285714286,679.74,667.37,12.15532765811762,38.174613158887894,246.1,223.01285714285711,234.89,240.5,11.934700107948284,63.500854700854696,0.34401,0.35402809523809525,0.33397,0.33605,0.015074765890940336,41.28397375820057,0.9602285714285713,0.991352380952381,0.9345,0.953,0.026412352809856585,40.04956629491947,0.24951428571428574,0.2418142857142857,0.2465,0.2462,0.005436735715307116,60.303687635574825
2025-01-29,103733.24,3113.9,3.0683,667.97,228.16,0.2402,0.32404,0.9399,0.0,103328.46857142857,100637.15761904762,101335.52,102082.83,1348.9173589762725,57.143374339226455,3224.82,3265.8771428571426,3077.72,3182.44,103.88557198507795,35.627809562729894,3.0759000000000003,2.9421142857142857,3.0572,3.0552,0.034776812198176306,45.95707782354214,676.1371428571429,690.3152380952381,661.29,679.74,10.69227090672823,34.45585489463856,241.92857142857142,224.4738095238095,227.06,234.89,12.435652279596853,58.63939253060591,0.3384571428571429,0.35315857142857143,0.31871,0.33397,0.014078605179829149,33.79827759285676,0.9541142857142858,0.9910238095238096,0.9169,0.9345,0.02527274082032624,30.528431935669175,0.24760000000000001,0.2413238095238095,0.2399,0.2465,0.006079473661428361,51.39442231075696
2025-01-30,104722.94,3247.39,3.1276,677.53,238.31,0.2519,0.33153,0.9595,0.0,103444.55428571429,101216.70285714287,103733.24,101335.52,1439.2772029952428,60.23734459065668,3211.8457142857146,3267.2195238095237,3113.9,3077.72,92.40045145220668,47.39562760823643,3.0770714285714287,2.982847619047619,3.0683,3.0572,0.036577758008835635,43.32158690462659,674.3928571428571,689.9366666666667,667.97,661.29,8.958725196302616,40.01176239952948,239.81428571428572,227.0147619047619,228.16,227.06,11.435696826374729,60.143358470842976,0.33552428571428566,0.35366,0.32404,0.31871,0.0128580634326512,38.034915903768365,0.9502285714285713,0.993642857142857,0.9399,0.9169,0.021188653747206358,31.685964416831425,0.2474857142857143,0.24188095238095236,0.2402,0.2399,0.00597423037482066,58.60465116279069
2025-01-31,102429.56,3300.99,3.0361,677.47,231.77,0.2537,0.3289,0.9429,0.0,103095.84857142856,101583.53380952381,104722.94,103733.24,1327.5814912894016,46.13752575889115,3210.5457142857144,3268.8361904761905,3247.39,3113.9,90.83867987759912,41.79935398061941,3.0678142857142854,3.0159285714285713,3.1276,3.0683,0.037723972421242404,36.14327453738773,673.9671428571429,689.1871428571428,677.53,667.97,8.689684908530001,34.11747830452556,236.72857142857143,229.11428571428573,238.31,228.16,9.991268569057839,54.64042392127177,0.3323885714285714,0.35342285714285715,0.33153,0.32404,0.011046518951794978,21.54859967051071,0.9461857142857142,0.9942428571428572,0.9595,0.9399,0.01911913775700626,20.923829917405953,0.24739999999999998,0.24231904761904763,0.2519,0.2402,0.005863446085707718,53.2808398950131
2025-02-01,100635.65,3117.54,2.8778,652.94,213.03,0.2443,0.30792,0.8948,0.0,102508.53428571428,101870.9461904762,102429.56,104722.94,1383.6570202649502,41.34438086154823,3181.7985714285714,3260.9652380952384,3300.99,3247.39,82.32331978821445,41.11463093269042,3.0349285714285714,3.030280952380952,3.0361,3.1276,0.07687526074288327,31.512406830833115,669.1871428571429,687.1033333333334,677.47,677.53,9.837765183695668,31.353809649354062,230.53142857142856,230.30190476190478,231.77,238.31,9.16864480820604,27.42203358553239,0.3258742857142857,0.3518380952380952,0.3289,0.33153,0.009893396547095193,21.248944050945482,0.9344999999999999,0.9894476190476191,0.9429,0.9595,0.022184153503494747,19.740259740259773,0.2461,0.24247619047619046,0.2537,0.2519,0.0052924474489598325,51.26262626262627
2025-02-02,97700.59,2869.68,2.58,617.8,203.51,0.2255,0.26808,0.8052,0.0,101805.76142857142,102021.20952380952,100635.65,102429.56,2277.927286163351,41.8799087574917,3129.9514285714286,3242.030952380952,3117.54,3300.99,139.45255566303808,35.9050106087808,2.9717428571428575,3.033871428571428,2.8778,3.0361,0.1889939668979149,31.909811789433462,662.1057142857143,683.5061904761905,652.94,677.47,21.85939832744965,29.633090388089414,225.24714285714282,231.01619047619047,213.03,231.77,12.514682995433288,27.429626211352115,0.31616428571428573,0.3486080952380953,0.30792,0.3289,0.022963454195120588,20.999229386077573,0.9133857142857142,0.9817095238095238,0.8948,0.9429,0.05197494359693632,21.07208872458412,0.24314285714285713,0.2420904761904762,0.2443,0.2537,0.00940919003649406,48.104265402843616
2025-02-03,101328.52,2879.9,2.7001,617.21,216.28,0.2287,0.28485,0.812,0.0,101698.00285714286,102344.6580952381,97700.59,100635.65,2280.47602290042,48.141294279674476,3086.7314285714288,3229.7638095238094,2869.68,3117.54,165.01362554130532,32.68251709892522,2.9210142857142856,3.042295238095238,2.58,2.8778,0.2094132073881017,30.141148794354024,653.1728571428572,680.104761904762,617.8,652.94,25.862087254181,29.649713288456738,222.5885714285714,232.60714285714286,203.51,213.03,12.094438706241997,38.317251330147,0.30914714285714284,0.3460738095238095,0.26808,0.30792,0.02409280785786825,29.332938037355476,0.8958857142857143,0.9754047619047619,0.8052,0.8948,0.06311083976020318,18.666666666666686,0.24059999999999998,0.2423714285714286,0.2255,0.2443,0.010671301076563682,43.84615384615383
2025-02-04,97763.13,2731.19,2.5274,572.69,206.64,0.2245,0.26345,0.7439,0.0,101187.66142857143,102401.90904761905,101328.52,97700.59,2730.4492093879912,33.061832963001436,3037.227142857143,3206.219047619048,2879.9,2869.68,213.1317124623723,26.556910473225315,2.8453285714285714,3.035633333333333,2.7001,2.58,0.24474841309860715,21.2557808609036,640.5157142857142,674.0952380952381,617.21,617.8,39.376949203454586,19.39465328280238,219.67142857142858,233.5152380952381,216.28,203.51,13.244167808978345,30.563217368093248,0.30125285714285716,0.34167095238095235,0.28485,0.26808,0.02899230571162202,18.664660958111554,0.8711714285714286,0.9633428571428572,0.812,0.8052,0.08394477776661072,15.494071146245076,0.23839999999999997,0.24254285714285714,0.2287,0.2255,0.012302438782615539,36.59180977542934
2025-02-05,96612.43,2788.25,2.381,569.55,196.12,0.2225,0.25619,0.7325,0.0,100170.40285714286,102216.91285714286,97763.13,101328.52,2942.254936380768,34.87539339971114,2990.7057142857143,3174.634761904762,2731.19,2879.9,228.58694500905338,31.738784434458978,2.7471428571428573,2.9993523809523808,2.5274,2.7001,0.2762282984365355,18.38962271612749,626.4557142857144,667.1885714285714,572.69,617.21,45.09596133326625,17.714900815008434,215.0942857142857,233.05142857142857,206.64,216.28,15.211893216759474,23.57611322057302,0.29156,0.3355195238095238,0.26345,0.28485,0.03135035778636802,18.839056295258118,0.8415428571428573,0.9470095238095239,0.7439,0.812,0.09187086693003467,15.986949429037537,0.23587142857142857,0.2418,0.2245,0.2287,0.013619314016708685,27.431059506531213
2025-02-06,96554.35,2686.64,2.325,571.72,189.54,0.2316,0.24789,0.7052,0.0,99003.46142857142,102053.43904761906,96612.43,97763.13,2406.905427046813,34.21936147107675,2910.598571428571,3145.0438095238096,2788.25,2731.19,221.79607912288822,23.937825492188182,2.632485714285714,2.955538095238095,2.381,2.5274,0.25795528313108645,18.461171986660304,611.34,660.6942857142857,569.55,572.69,42.79777330656371,19.182160016711947,208.12714285714287,232.02285714285716,196.12,206.64,13.920457025885389,23.1114118940868,0.27961142857142857,0.3293957142857143,0.25619,0.26345,0.02945946108840063,19.123836623392023,0.8052142857142858,0.9287238095238095,0.7325,0.7439,0.08763434312664206,14.011761697775526,0.23297142857142855,0.24153809523809525,0.2225,0.2245,0.011657431719110264,36.31647211413749
2025-02-07,96506.8,2622.1,2.3968,577.71,191.99,0.23,0.24651,0.7072,0.0,98157.35285714285,101692.93047619048,96554.35,96612.43,2010.100796549819,31.326358375308132,2813.6142857142863,3104.494761904762,2686.64,2788.25,163.37344784849776,23.260134478603902,2.5411571428571427,2.9128999999999996,2.325,2.381,0.1972741227931593,23.1812295269292,597.0885714285714,653.834761904762,571.72,569.55,32.47043241092424,22.701668615155697,202.44428571428574,230.71238095238095,189.54,196.12,10.312075214916407,24.509966777408664,0.26784142857142856,0.32136047619047625,0.24789,0.25619,0.021999129095314533,19.104583678787165,0.7715428571428572,0.9084476190476191,0.7052,0.7325,0.06927211697700693,15.042372881355945,0.2295857142857143,0.24064761904761903,0.2316,0.2225,0.0072375015420677495,34.24124513618675
2025-02-08,96444.74,2632.46,2.419,612.39,199.32,0.2313,0.25288,0.7005,0.0,97558.65142857144,101306.66904761906,96506.8,96554.35,1757.1289812211642,31.41275101521036,2744.317142857143,3072.34,2622.1,2686.64,105.65405666834305,23.360219853586216,2.4756142857142858,2.872390476190476,2.3968,2.325,0.13230354528597896,24.054827534267204,591.2957142857142,649.2095238095238,577.71,571.72,23.115020987187393,32.939929002812235,200.4857142857143,227.7290476190476,191.99,189.54,9.209462266500324,27.10722592028229,0.25997857142857145,0.3145257142857143,0.24651,0.24789,0.013469415266409107,20.839128419100604,0.7437857142857143,0.8892095238095239,0.7072,0.7052,0.04699877404682708,13.56558458696226,0.22772857142857142,0.24012380952380954,0.23,0.2316,0.003572447473705645,35.74193548387095
2025-02-09,96462.75,2627.18,2.3928,615.81,200.47,0.2322,0.2489,0.6814,0.0,97381.81714285715,101074.82047619048,96444.74,96506.8,1802.1734272234114,34.77734589202814,2709.674285714286,3044.342857142857,2632.46,2622.1,97.10908777541268,24.92524332159867,2.4488714285714286,2.8454428571428574,2.419,2.3968,0.12647854514087906,25.183316250098557,591.0114285714286,646.0009523809524,612.39,577.71,22.743982668368922,37.19324391455538,200.0514285714286,225.25523809523807,199.32,191.99,9.114264330471897,31.792959155826438,0.25723857142857137,0.3093114285714285,0.25288,0.24651,0.013497526228373826,22.60639969824605,0.7261000000000001,0.8743714285714285,0.7005,0.7072,0.04317422070325395,13.728632478632477,0.2286857142857143,0.2402904761904762,0.2313,0.23,0.003768035992144967,40.16853932584267
2025-02-10,97430.82,2661.19,2.4237,618.65,200.47,0.2462,0.25542,0.7121,0.0,96825.00285714286,100844.85904761904,96462.75,96444.74,538.9213249230472,38.73870907926316,2678.4300000000003,3014.685238095238,2627.18,2632.46,62.07729590331836,28.118781956023497,2.4093857142857145,2.812985714285714,2.3928,2.419,0.06135265353054506,25.065150438284775,591.2171428571428,642.96,615.81,612.39,23.02520988994908,34.07206549512436,197.79285714285714,223.26857142857145,200.47,199.32,5.766563720523273,33.50268404907976,0.2530342857142857,0.3045904761904762,0.2489,0.25288,0.005920069980274768,25.980062381505718,0.7118285714285715,0.8602142857142858,0.6814,0.7005,0.0207185677019189,21.23642007242627,0.2311857142857143,0.24066666666666664,0.2322,0.2313,0.007617836213219121,49.823321554770324
2025-02-11,95778.2,2602.59,2.4131,642.11,197.96,0.241,0.25305,0.7781,0.0,96541.44142857144,100351.2580952381,97430.82,96462.75,482.265705789466,37.11207420346212,2660.058571428571,2980.1638095238095,2661.19,2627.18,62.884903177317476,29.25142143462277,2.3930571428571428,2.7767619047619045,2.4237,2.3928,0.033677284982767425,24.739195230998533,601.1342857142856,640.5742857142857,618.65,615.81,28.10498642420562,45.12653724972051,196.55285714285714,220.77476190476193,200.47,200.47,4.291704068260289,35.30303030303031,0.2515485714285714,0.29893714285714285,0.25542,0.2489,0.00379352706843754,28.203425839861893,0.7167142857142857,0.8493714285714286,0.7121,0.6814,0.031015556772444233,34.045977011494244,0.23354285714285714,0.2404857142857143,0.2462,0.2322,0.007755827302284435,50.65868263473053
2025-02-12,97869.99,2738.27,2.4734,696.93,196.78,0.2433,0.26418,0.7997,0.0,96721.09285714287,100073.32142857143,95778.2,97430.82,698.7561263584562,36.20687627180449,2652.9185714285713,2956.148095238095,2602.59,2661.19,46.644389240514435,34.90803313860518,2.4062571428571427,2.7431,2.4131,2.4237,0.044525043782241584,27.53568461596558,619.3314285714285,640.6414285714285,642.11,618.65,42.03300545546406,55.91213457455494,196.64714285714288,217.89000000000001,197.96,200.47,4.287857717966154,34.16431166733953,0.25268999999999997,0.2942357142857143,0.25305,0.25542,0.005989368358454421,30.86561820739037,0.7263142857142857,0.8406571428571429,0.7781,0.7121,0.044279620164413204,33.83302583025831,0.2365142857142857,0.23999523809523807,0.241,0.2462,0.006737563499126723,51.812865497076025
2025-02-13,96608.14,2675.87,2.5599,664.72,194.25,0.2342,0.26245,0.8107,0.0,96728.77714285713,99725.59761904762,97869.99,95778.2,696.910153766951,31.15151627768695,2651.38,2924.6080952380953,2738.27,2602.59,45.51054310085643,25.646423153624582,2.4398142857142857,2.7164571428571427,2.4734,2.4131,0.05918292063796049,28.994301783467762,632.6171428571428,639.4499999999999,696.93,642.11,39.069050288895156,47.606233882722286,197.32,215.08714285714285,196.78,197.96,3.2243862465071964,25.91296741745026,0.25477,0.2899685714285714,0.26418,0.25305,0.006546856752156448,27.07420682331076,0.7413857142857142,0.8322761904761904,0.7997,0.7781,0.05299246577176204,32.494117647058815,0.23688571428571428,0.2391142857142857,0.2433,0.241,0.006488561363771735,39.32448733413749
2025-02-14,97500.48,2725.95,2.7384,659.71,199.39,0.2315,0.2718,0.7998,0.0,96870.73142857142,99374.64428571428,96608.14,97869.99,743.7850146025295,37.754057567169,2666.215714285714,2896.791904761905,2675.87,2738.27,50.973742867345685,25.422700152154974,2.4886142857142852,2.6991952380952378,2.5599,2.4734,0.1235912810917738,39.65097684766739,644.3314285714285,638.462380952381,664.72,696.93,31.40329410989256,46.74152355790402,198.37714285714284,212.51666666666668,194.25,196.78,2.2521524096269814,32.02309571396846,0.25838285714285714,0.28620428571428574,0.26245,0.26418,0.008037331054281383,31.859194306773404,0.7546142857142858,0.8241142857142857,0.8107,0.7997,0.05457076227466529,32.935845456713565,0.2371,0.23802857142857142,0.2342,0.2433,0.006243396511515403,36.754176610978526
2025-02-15,97569.66,2693.04,2.7619,662.21,194.48,0.2375,0.27174,0.7811,0.0,97031.43428571428,99032.87333333334,97500.48,96608.14,757.7985088805428,41.66879068814495,2674.87,2866.9952380952377,2725.95,2675.87,49.40605934499816,29.17729466703294,2.5376,2.682714285714286,2.7384,2.5599,0.1552903517071633,45.554276946681995,651.4485714285714,637.3104761904763,659.71,664.72,28.465808981169232,51.850373268393945,197.68571428571428,209.56761904761905,199.39,194.25,2.626320982812272,37.83287419651056,0.26107714285714284,0.28230999999999995,0.2718,0.26245,0.008989899358508842,36.74336801993256,0.7661285714285714,0.8148047619047618,0.7998,0.8107,0.04951917858384748,35.41933829186971,0.2379857142857143,0.23727142857142855,0.2315,0.2342,0.005699540499440668,45.77114427860696
2025-02-16,96118.12,2661.41,2.7283,673.1,188.27,0.2424,0.26555,0.7714,0.0,96982.20142857141,98723.26000000001,97569.66,97500.48,810.2803556469145,45.32287134149983,2679.7599999999998,2839.795238095238,2693.04,2725.95,45.433473342915995,37.03320922935165,2.5855285714285716,2.6687142857142856,2.7619,2.7384,0.1549246990668485,57.1346098335418,659.6328571428572,637.5833333333334,662.21,659.71,24.46634607938476,62.22153465346537,195.94285714285712,207.08047619047622,194.48,199.39,4.10337143613092,39.550191991223265,0.2634557142857143,0.27895285714285717,0.27174,0.2718,0.0072690000622293825,48.76957494407159,0.7789857142857143,0.8061571428571428,0.7811,0.7998,0.03267162012978061,44.548387096774185,0.23944285714285712,0.23709047619047616,0.2375,0.2315,0.0052608165218141255,62.70676691729325
2025-02-17,95780.0,2744.05,2.6599,667.51,177.53,0.2388,0.25819,0.8089,0.0,96746.37,98423.12523809525,96118.12,97569.66,893.8717228810481,29.641895313084802,2691.597142857143,2818.9195238095235,2661.41,2693.04,50.320202276464244,42.241664858196955,2.619271428571428,2.649890476190476,2.7283,2.7619,0.1386737984658733,47.964763061968405,666.6128571428571,637.0009523809524,673.1,662.21,16.49759852654,60.8761459955025,192.66571428571427,204.3490476190476,188.27,194.48,7.576131064386343,22.668923684581742,0.26385142857142857,0.2753442857142857,0.26555,0.27174,0.006820179441845846,35.728051391862934,0.7928142857142857,0.8001761904761905,0.7714,0.7811,0.015743615486010217,49.54505429997064,0.23838571428571426,0.2367238095238095,0.2424,0.2375,0.004339519394060928,57.54857997010466
2025-02-18,95671.74,2671.99,2.5628,648.18,169.32,0.2392,0.25137,0.7541,0.0,96731.16142857142,98153.42142857143,95780.0,96118.12,913.7739805593508,39.718018479533804,2701.5114285714285,2799.5990476190477,2744.05,2661.41,34.07553786741709,46.294719975965734,2.640657142857143,2.626347619047619,2.6599,2.7283,0.11019940800118136,51.94078947368422,667.4800000000001,636.3766666666667,667.51,673.1,15.094928508168056,68.31836932783301,188.5742857142857,201.59952380952382,177.53,188.27,11.137032604697396,23.135617621652756,0.26361142857142855,0.2721376190476191,0.25819,0.26555,0.007277832618230279,42.3369703121035,0.7893857142857142,0.7924238095238094,0.8089,0.7714,0.021162736793036555,51.55772755039706,0.23812857142857144,0.2366904761904762,0.2388,0.2424,0.004210191716028707,61.64817749603804
2025-02-19,96644.37,2715.5,2.7378,653.38,168.93,0.2424,0.2548,0.7738,0.0,96556.07285714286,97815.85619047619,95671.74,95780.0,764.4069059670587,50.159826262747586,2698.258571428571,2780.627619047619,2671.99,2744.05,30.92268230528823,45.368071207548624,2.678428571428572,2.610609523809524,2.5628,2.6599,0.0859636301832764,68.96661705294495,661.2585714285714,635.6819047619048,648.18,667.51,8.442999918221227,70.14079092787469,184.59571428571425,198.77904761904762,169.32,177.53,12.596044163602548,27.08579133659194,0.2622714285714286,0.2688404761904762,0.25137,0.25819,0.007984880355123814,49.07320976130154,0.7856857142857143,0.7845142857142856,0.7541,0.8089,0.021322400472382996,56.151325588322905,0.238,0.23679523809523811,0.2392,0.2388,0.004036087214122427,65.47433903576984
2025-02-20,98305.0,2738.04,2.6877,656.36,176.0,0.2464,0.25474,0.8036,0.0,96798.48142857144,97510.24,96644.37,95671.74,1012.472984206136,57.549387001763705,2707.14,2756.3728571428574,2715.5,2671.99,32.31725338991608,53.6389895786135,2.696685714285714,2.589661904761905,2.7378,2.5628,0.06836440176417004,69.4019471488178,660.0642857142857,634.6738095238095,653.38,648.18,8.463015335651008,70.2565575339843,181.98857142857142,195.81190476190477,168.93,169.32,12.145387915544099,38.68271481109997,0.26117,0.26518380952380954,0.2548,0.25137,0.008472980585362335,55.131086142322125,0.7846714285714286,0.7770904761904761,0.7738,0.7541,0.020066033845422264,64.54760496747485,0.23974285714285712,0.23653333333333335,0.2424,0.2392,0.004701013062045846,62.500000000000014
2025-02-21,96181.98,2663.0,2.5721,647.47,168.94,0.2379,0.23966,0.7621,0.0,96610.12428571428,97212.7361904762,98305.0,96644.37,982.304466273855,48.81193435024709,2698.1471428571426,2725.992380952381,2738.04,2715.5,34.868448830008575,52.85319641711081,2.6729285714285713,2.5675666666666666,2.6877,2.7378,0.07944899232182719,58.957588145120084,658.3157142857143,633.245238095238,656.36,653.38,9.719600226936478,66.46681144367861,177.63857142857142,192.82000000000002,176.0,168.93,10.165797933219228,32.11237001396863,0.25657857142857143,0.26093428571428573,0.25474,0.2548,0.010270208418153183,45.74269732753263,0.7792857142857142,0.7684809523809523,0.8036,0.7738,0.02038556912551987,57.267672756155676,0.24065714285714285,0.2357809523809524,0.2464,0.2424,0.0032196568879605805,55.975794251134644
2025-02-22,96551.01,2763.22,2.574,668.57,172.07,0.2393,0.24656,0.7734,0.0,96464.60285714285,97018.22952380952,96181.98,98305.0,887.3258228464509,50.380157815396444,2708.172857142857,2709.12,2663.0,2738.04,42.42570278904317,58.105628564344144,2.646085714285714,2.5530999999999997,2.5721,2.6877,0.07604826161878661,58.0880818200793,659.2242857142857,633.9895238095238,647.47,656.36,10.416574704357673,64.16969330104925,174.43714285714285,190.8695238095238,168.94,176.0,7.020113280865699,27.37838286568153,0.2529814285714286,0.25801238095238094,0.23966,0.25474,0.008294474925252062,46.09780192640159,0.7781857142857141,0.7627,0.7621,0.8036,0.020478885758377648,59.53439707036359,0.2409142857142857,0.23554285714285716,0.2379,0.2464,0.002989107208643295,56.04229607250757
2025-02-23,96258.0,2819.69,2.5763,658.42,167.94,0.246,0.24285,0.7697,0.0,96484.58571428573,96949.53476190477,96551.01,96181.98,879.7652966908618,49.2816843003377,2730.784285714286,2706.7395238095237,2763.22,2663.0,53.9598816582536,61.22127793515895,2.6243714285714286,2.5529238095238096,2.574,2.5721,0.07013120357078563,59.820186235684474,657.1271428571428,635.9238095238095,668.57,647.47,8.449413617300609,60.394204029858024,171.53285714285715,189.1757142857143,172.07,168.94,3.819091140946137,24.26831197595314,0.24973857142857145,0.25681095238095236,0.24656,0.23966,0.006878152437413643,46.25201338124148,0.7779428571428572,0.7610095238095239,0.7734,0.7621,0.020582586259816283,62.033251567184536,0.2414285714285714,0.2365190476190476,0.2393,0.2379,0.003545285266244281,59.58333333333334
2025-02-24,91552.88,2513.52,2.2783,614.2,141.81,0.2401,0.21043,0.6816,0.0,95880.71142857142,96484.0280952381,96258.0,96551.01,2078.322761927814,33.66253194983196,2697.8514285714286,2689.292857142857,2819.69,2763.22,97.3873640723157,43.465640072569585,2.569857142857143,2.532838095238095,2.5763,2.574,0.14560838869084405,43.9487264857666,649.5114285714286,635.7804761904762,658.42,668.57,17.113823290518045,49.09681347676072,166.43,185.6295238095238,167.94,172.07,11.200604150371927,17.1703604208641,0.2429157142857143,0.25326714285714286,0.24285,0.24656,0.015447391211399038,28.899727980489658,0.7597571428571429,0.7548,0.7697,0.7734,0.03775009303047419,46.40584492104643,0.24161428571428573,0.23706190476190475,0.246,0.2393,0.003416347255685472,45.22691705790297
2025-02-25,88680.4,2495.7,2.3222,623.49,144.33,0.2309,0.21158,0.6832,0.0,94881.94857142857,96051.51714285713,91552.88,96258.0,3433.527775560766,31.524806080483117,2672.6671428571426,2678.0790476190473,2513.52,2819.69,124.27284561457628,45.09305250787296,2.535485714285714,2.5230666666666663,2.2783,2.5763,0.1733134484931056,46.31894387300559,645.9842857142858,638.1995238095238,614.2,658.42,19.77184265324784,45.99018003273323,162.85999999999999,182.66238095238094,141.81,167.94,13.80558341155231,19.98880805819809,0.2372314285714286,0.2507971428571429,0.21043,0.24285,0.018779446591569812,30.325457823322893,0.7496285714285714,0.7519095238095238,0.6816,0.7697,0.04771668870481606,36.81578216171159,0.24042857142857144,0.23736666666666667,0.2401,0.246,0.005309649795644023,42.56259204712813
2025-02-26,84250.09,2336.37,2.1982,611.57,135.32,0.2272,0.20355,0.6474,0.0,93111.33714285716,95462.83428571429,88680.4,91552.88,5143.272490793853,18.395666879529514,2618.5057142857145,2656.560952380952,2495.7,2513.52,174.82816953199037,31.942272784457515,2.4584,2.5143619047619046,2.3222,2.2783,0.18773227390799735,39.402341343191615,640.0114285714286,640.2004761904761,623.49,614.2,23.185756711518813,27.451394759087094,158.0585714285714,179.76714285714286,144.33,141.81,16.8512882084934,18.37826713315495,0.22991,0.2482904761904762,0.21158,0.21043,0.020682385420124273,20.363671913187986,0.7315714285714285,0.7478571428571428,0.6832,0.6816,0.05950531388836071,29.644480085538618,0.2382571428571429,0.23759047619047619,0.2309,0.2401,0.007156082993476698,38.383838383838395
2025-02-27,84708.58,2307.72,2.1985,605.41,137.68,0.2286,0.20687,0.6451,0.0,91168.99142857143,94898.75,84250.09,88680.4,5415.144767207425,21.318289099197088,2557.031428571429,2638.5171428571425,2336.37,2495.7,199.68100948167518,32.941329107472185,2.388514285714286,2.5083380952380954,2.1982,2.3222,0.17899807660578876,35.09321894076885,632.7328571428571,641.8047619047619,611.57,623.49,25.1151207537653,31.832383752986573,152.5842857142857,177.29761904761904,135.32,144.33,16.265567780993354,20.843212039995876,0.2230714285714286,0.2463371428571429,0.20355,0.21158,0.018945169506207758,23.24797843665766,0.7089285714285715,0.744995238095238,0.6474,0.6832,0.05765644555715937,27.339901477832512,0.23571428571428574,0.23744761904761905,0.2272,0.2309,0.006939603391988548,45.45454545454546
2025-02-28,84349.94,2237.59,2.1453,588.07,148.18,0.2333,0.20184,0.6328,0.0,89478.69999999998,94319.8519047619,84708.58,84250.09,5436.183852553771,17.466005226996344,2496.2585714285715,2620.2071428571426,2307.72,2336.37,225.1648064143707,27.78404541815273,2.327542857142857,2.496361904761905,2.1985,2.1982,0.17873105360795502,22.715981231024003,624.2471428571429,642.2980952380952,605.41,611.57,29.034897803784457,29.596719070403296,149.6185714285714,175.21142857142857,137.68,135.32,14.592990815880563,24.98778939142329,0.21766857142857146,0.24420999999999998,0.20687,0.20355,0.018818313268877382,14.86540779429491,0.6904571428571428,0.7414523809523809,0.6451,0.6474,0.05848874128533487,27.23555070883316,0.23505714285714288,0.2376047619047619,0.2286,0.2272,0.006915889227679101,51.41509433962264
2025-03-01,86064.53,2217.39,2.1916,607.93,143.66,0.2341,0.20673,0.6593,0.0,87980.63142857142,93825.5561904762,84349.94,84708.58,4532.146129088741,23.679542383808084,2418.282857142857,2600.441904761905,2237.59,2307.72,211.39730838040126,28.109093252087177,2.2729142857142857,2.485533333333333,2.1453,2.1985,0.1463546540493494,24.303865909705337,615.5842857142858,642.0857142857143,588.07,605.41,21.735414923685592,35.931992535766085,145.56,172.5609523809524,148.18,137.68,10.753807077805508,25.083349676407153,0.2119785714285714,0.24201238095238098,0.20184,0.20687,0.014042070631460846,18.861959957850388,0.6741571428571429,0.7394904761904761,0.6328,0.6451,0.04611040580833693,33.74265883609182,0.23431428571428572,0.23773809523809522,0.2333,0.2286,0.006658685699002437,47.08904109589042
2025-03-02,94270.0,2518.11,2.9396,623.94,178.71,0.2441,0.23931,1.135,0.0,87696.63142857143,93721.13952380953,86064.53,84349.94,3952.1898101450124,46.77012771847409,2375.2000000000003,2595.248095238095,2217.39,2237.59,131.642044955259,44.714127628181494,2.324814285714286,2.5115714285714286,2.1916,2.1453,0.277515701829473,55.79189737404747,610.6585714285713,642.4728571428572,607.93,588.07,12.245070339490066,37.58836598666937,147.09857142857143,171.5247619047619,143.66,148.18,14.579402626732497,46.34612444580339,0.2114728571428571,0.24155571428571432,0.20673,0.20184,0.012749183914120834,39.96788499770607,0.7263428571428572,0.7610904761904761,0.6593,0.6328,0.1811726971441231,71.62740899357603,0.23404285714285716,0.23830476190476194,0.2341,0.2333,0.006119873948282076,51.338582677165356
2025-03-03,86220.61,2149.01,2.3873,576.1,142.16,0.2312,0.19913,0.8578,0.0,86934.87857142858,93187.31999999999,94270.0,86064.53,3581.548549577509,36.840434491605,2323.1271428571426,2570.858571428572,2518.11,2217.39,139.6580255140348,31.880191965699552,2.340385714285714,2.5098380952380954,2.9396,2.1916,0.27752879387294516,44.0944540727903,605.2157142857143,640.4466666666667,623.94,607.93,17.673099951756384,30.979233426276593,147.14857142857142,168.74809523809523,178.71,143.66,14.5588282822614,38.70905956713273,0.20985857142857142,0.23887523809523814,0.23931,0.20673,0.013590850388610711,31.949877750611265,0.7515142857142857,0.7680285714285714,1.135,0.6593,0.1860936720092994,52.26326020549847,0.23277142857142857,0.2375904761904762,0.2441,0.2341,0.005549688965973927,44.78021978021976
2025-03-04,87281.98,2171.51,2.4543,584.01,144.79,0.2426,0.19905,0.9409,0.0,86735.10428571429,92782.73809523809,86220.61,94270.0,3506.166141370808,38.74588253852934,2276.8142857142857,2550.330952380952,2149.01,2518.11,125.97512080529056,34.285355438332104,2.359257142857143,2.5118,2.3873,2.9396,0.2805608125234346,47.61842047499889,599.5757142857143,637.6800000000001,576.1,623.94,17.16147027223396,35.98112465591821,147.21428571428572,166.21619047619046,142.16,178.71,14.545017310798295,41.880172128434296,0.20806857142857144,0.23630380952380955,0.19913,0.23931,0.014140370608731058,33.32270814739259,0.7883285714285714,0.7757809523809523,0.8578,1.135,0.19557530275476748,58.42504059173733,0.23444285714285715,0.23766666666666664,0.2312,0.2441,0.006561721609165904,52.02863961813843
2025-03-05,90606.01,2241.59,2.4998,598.24,146.28,0.2437,0.20471,0.9741,0.0,87643.09285714287,92436.83428571429,87281.98,86220.61,3577.632326766346,42.38072982149409,2263.2742857142857,2526.679523809524,2171.51,2149.01,123.5778650429529,35.363842443034784,2.4023428571428576,2.513057142857143,2.4543,2.3873,0.274804311326824,44.4609942282629,597.6714285714287,632.9804761904762,584.01,576.1,16.328061151048782,38.4110970996217,148.78,163.81142857142856,144.79,142.16,13.61117065746589,42.55668747946106,0.20823428571428573,0.23347190476190474,0.19905,0.19913,0.014085280564167435,34.25733861336349,0.835,0.7840857142857144,0.9409,0.8578,0.1953205911657376,58.92522948043846,0.23679999999999998,0.2376857142857143,0.2426,0.2312,0.006489478664217681,50.79559363525091
2025-03-06,89931.89,2202.2,2.6001,596.5,143.31,0.2401,0.20153,0.9065,0.0,88389.28000000001,92118.91761904761,90606.01,87281.98,3404.0754564785616,39.16496955025056,2248.2000000000003,2504.1238095238095,2241.59,2171.51,123.68841268823951,33.62166986587768,2.4597142857142855,2.5149714285714286,2.4998,2.4543,0.26696443850927437,48.00782316019284,596.3985714285715,629.7319047619048,598.24,584.01,15.967566531954336,37.35316487788388,149.58428571428573,161.38571428571427,146.28,144.79,12.998503576877194,38.959810874704495,0.20747142857142856,0.23057095238095235,0.20471,0.19905,0.014314231180388206,33.598421798902635,0.8723428571428571,0.7886476190476189,0.9741,0.9409,0.17710148556823585,54.43572721786361,0.23844285714285715,0.23796666666666666,0.2437,0.2426,0.0054380931531980495,46.125461254612546
2025-03-07,86801.75,2141.6,2.3855,594.77,139.39,0.2436,0.19844,0.8181,0.0,88739.53857142858,91609.45428571428,89931.89,90606.01,3024.1140487114562,38.17007384568354,2234.4871428571428,2476.2976190476193,2202.2,2241.59,130.2098507172652,33.92110424453243,2.4940285714285717,2.498166666666666,2.6001,2.4998,0.23310555344654468,45.93924094707521,597.3557142857143,626.6395238095238,596.5,598.24,15.581256749850748,38.51851851851851,148.32857142857142,158.5285714285714,143.31,146.28,13.568838599982486,39.804016285970604,0.20698571428571427,0.22707761904761906,0.20153,0.20471,0.014592152979300613,36.28012248701903,0.8988142857142858,0.7895190476190476,0.9065,0.9741,0.14654121637013234,52.32018561484919,0.23991428571428572,0.23854285714285717,0.2401,0.2437,0.0052030211004213955,53.735255570117964
2025-03-08,86222.45,2203.58,2.3261,593.1,137.01,0.2438,0.19234,0.8052,0.0,88762.09857142856,91069.11095238096,86801.75,89931.89,3001.335703251803,37.04280309892047,2232.514285714286,2452.9900000000002,2141.6,2202.2,130.6160565496233,32.32499968417197,2.513242857142857,2.4774142857142856,2.3855,2.6001,0.2082393803386153,44.73695384484735,595.2371428571429,623.3485714285715,594.77,596.5,14.89703853599315,32.036940067596504,147.37857142857143,155.79190476190476,139.39,143.31,14.169669989771858,37.8399001109878,0.20493,0.22329666666666667,0.19844,0.20153,0.015612150182893282,31.856511845803766,0.9196571428571428,0.7906666666666666,0.8181,0.9065,0.113432459451176,51.31578947368422,0.24130000000000001,0.2388428571428572,0.2436,0.2401,0.004659756789075413,52.996005326231675
2025-03-09,80734.37,2020.41,2.1387,554.65,126.51,0.2321,0.16809,0.7215,0.0,86828.43714285713,90336.55142857142,86222.45,86801.75,3214.089250185354,32.771251054070746,2161.414285714286,2422.4661904761906,2203.58,2141.6,71.1807223100087,26.627052823656015,2.3988285714285715,2.449338095238095,2.3261,2.3855,0.14551596377815798,41.38650499960633,585.3385714285714,617.7080952380953,593.1,594.77,15.647793698124204,28.23341863489533,139.92142857142855,152.85095238095238,137.01,139.39,6.698921377284537,36.23862353019333,0.19475571428571428,0.21865571428571431,0.19234,0.19844,0.012335747318449533,28.00658978583195,0.8605857142857144,0.7882904761904761,0.8052,0.8181,0.0872441101846115,48.129462899720586,0.2395857142857143,0.23835238095238098,0.2438,0.2436,0.005575371010503575,41.323345817727834
2025-03-10,78595.86,1865.1,2.0216,531.49,118.32,0.2292,0.15408,0.6712,0.0,85739.18714285713,89518.25904761904,80734.37,86222.45,4492.268022000748,34.75103636772765,2120.8557142857144,2380.611428571429,2020.41,2203.58,133.2500637719973,29.20371011815419,2.346585714285714,2.418942857142857,2.1387,2.3261,0.20417012863925932,44.55982706735047,578.9657142857143,611.2309523809524,554.65,593.1,25.817129234381767,30.96958262390133,136.5157142857143,150.03142857142856,126.51,137.01,10.405700132047185,41.14186590240592,0.18832000000000002,0.21369809523809524,0.16809,0.19234,0.019401350468456247,31.40877598152423,0.8339285714285715,0.7817333333333333,0.7215,0.8052,0.11295587212544084,49.58419958419959,0.23929999999999998,0.2378952380952381,0.2321,0.2438,0.006103004724450782,42.93125810635537
2025-03-11,82932.99,1923.43,2.1711,551.61,125.35,0.2244,0.16454,0.7241,0.0,85117.90285714285,88911.65190476191,78595.86,80734.37,4543.77606086508,43.461358097474005,2085.4157142857143,2344.965714285714,1865.1,2020.41,149.52846873391061,32.110860336732344,2.306128571428571,2.400290476190476,2.0216,2.1387,0.20730334226511113,46.93496693577833,574.3371428571428,606.632380952381,531.49,554.65,27.60455742221198,34.24651529762427,133.73857142857142,147.93761904761905,118.32,126.51,10.42347739251983,43.078045222465356,0.18338999999999997,0.20956333333333332,0.15408,0.16809,0.02056978204389139,35.37859007832898,0.8029571428571429,0.7803047619047618,0.6712,0.7215,0.1083658903459761,51.570781165988166,0.2367,0.23719047619047617,0.2292,0.2321,0.008034094016544101,45.52957359009628
2025-03-12,83680.12,1908.2,2.2396,569.87,126.62,0.2229,0.17244,0.736,0.0,84128.48999999999,88294.30666666667,82932.99,78595.86,3850.7735211556605,49.292250931856564,2037.7885714285715,2306.522857142857,1923.43,1865.1,144.50442120441318,35.29019712929181,2.2689571428571425,2.3765666666666667,2.1711,2.0216,0.18933809140567248,50.859135054370384,570.2842857142857,602.6557142857143,551.61,531.49,25.513717785499303,41.107983623336736,130.92999999999998,145.92285714285714,125.35,118.32,9.037545758297647,46.63729128014843,0.17878,0.20564142857142859,0.16454,0.15408,0.01850806580925893,40.32227959932808,0.7689428571428572,0.7785047619047619,0.7241,0.6712,0.07911339661403421,53.466353677621285,0.23372857142857142,0.23626190476190476,0.2244,0.2292,0.008821510506656553,46.95035460992906
2025-03-13,81115.78,1864.59,2.2527,579.8,123.37,0.2253,0.16523,0.703,0.0,82869.04571428572,87475.77238095237,83680.12,82932.99,2979.4941094581177,45.76043182989617,1989.5585714285714,2264.93,1908.2,1923.43,136.60945763119489,34.93113884449282,2.2193285714285715,2.355852380952381,2.2396,2.1711,0.12142296205531067,51.118817603831225,567.8985714285715,599.01,569.87,551.61,23.342173869466166,44.62539349422875,128.08142857142857,143.41666666666666,126.62,125.35,7.496133288949988,44.50671785028791,0.17359428571428573,0.20137904761904762,0.17244,0.16454,0.015984834330429704,37.35269104604544,0.7398714285714286,0.7737142857142858,0.736,0.7241,0.053329220079480794,52.21211889661496,0.23161428571428572,0.2352571428571429,0.2229,0.2244,0.008813517756157319,47.6923076923077
2025-03-14,83983.2,1911.65,2.3564,587.76,133.54,0.2224,0.17194,0.7373,0.0,82466.39571428571,86894.87809523809,81115.78,83680.12,2513.4504340240455,49.59143085428985,1956.7085714285715,2229.1514285714284,1864.59,1908.2,120.67321954058119,38.73956663534355,2.2151714285714283,2.3455809523809523,2.2527,2.2396,0.11512013600706605,54.26861325676386,566.8971428571429,596.1666666666666,579.8,569.87,22.115323280692316,49.932275964521324,127.24571428571429,141.7309523809524,123.37,126.62,6.247337718694126,44.36576354679803,0.16980857142857145,0.19815428571428573,0.16523,0.17244,0.011677580269569261,41.01022248947685,0.7283285714285714,0.7725333333333333,0.703,0.736,0.0408621142496613,53.92650484707297,0.22858571428571425,0.23451904761904763,0.2253,0.2229,0.007562060691687694,42.180774748923945
2025-03-15,84338.44,1937.17,2.3911,619.83,135.86,0.2215,0.17594,0.7468,0.0,82197.25142857143,86313.32714285715,83983.2,81115.78,2113.217688364062,48.01697637062181,1918.65,2189.8157142857144,1911.65,1864.59,52.70867259446355,40.35453669282667,2.2244571428571427,2.3368714285714285,2.3564,2.2527,0.12751340919216783,54.05306570232821,570.7157142857143,593.8457142857143,587.76,579.8,28.716291460390625,52.46806039488968,127.08142857142856,140.00666666666666,133.54,123.37,5.956104511538625,46.94644534920138,0.1674657142857143,0.19479142857142856,0.17194,0.16523,0.007184492227797245,40.6928238921468,0.7199857142857143,0.7712666666666667,0.7373,0.703,0.025700287194985964,53.33028849813504,0.2254,0.23367142857142856,0.2224,0.2253,0.0038901585229063436,40.97421203438396
2025-03-16,82574.53,1887.0,2.2938,602.2,126.13,0.2119,0.16817,0.7049,0.0,82460.13142857143,85661.73333333334,84338.44,83983.2,2012.987405826155,34.22945616935871,1899.5914285714284,2145.401904761905,1937.17,1911.65,28.20533603692941,23.74859614824676,2.2466142857142857,2.3234190476190473,2.3911,2.3564,0.12354188801875218,32.16416261599646,577.5085714285714,591.1685714285715,619.83,587.76,29.88284091167354,45.521219612690565,127.02714285714286,138.0157142857143,135.86,133.54,5.963907316196344,24.326171875000014,0.16747714285714288,0.19123523809523812,0.17594,0.17194,0.007185714333038918,24.70128022759603,0.7176142857142856,0.7681809523809523,0.7468,0.7373,0.026296224606802934,25.559722695760883,0.2225142857142857,0.23204761904761906,0.2215,0.2224,0.005320848482285233,26.80115273775216
2025-03-17,84010.03,1926.31,2.3382,631.69,128.01,0.2206,0.17332,0.7175,0.0,83233.58428571429,85302.54999999999,82574.53,84338.44,1125.0701036360263,46.37208029089266,1908.3357142857144,2117.4395238095235,1887.0,1937.17,25.040738711982982,37.234310870611964,2.291842857142857,2.3262714285714283,2.2938,2.3911,0.07639015768066051,48.1151631477927,591.8228571428572,592.0014285714286,602.2,619.83,28.111480284921594,62.38912413639403,128.41142857142856,137.35857142857145,126.13,135.86,4.5670392618235365,39.55411191495645,0.17022571428571429,0.18946809523809524,0.16817,0.17594,0.004312384712037469,37.77588330017999,0.7242285714285713,0.7698904761904762,0.7049,0.7468,0.016775151691883743,38.59905737038843,0.22128571428571428,0.23111904761904764,0.2119,0.2215,0.004439755463022432,41.871165644171775
2025-03-18,82715.03,1931.54,2.2851,627.81,125.33,0.2371,0.16802,0.7017,0.0,83202.44714285714,85018.48476190477,84010.03,82574.53,1137.7207770761772,42.56193434169874,1909.4942857142858,2090.574761904762,1926.31,1887.0,26.023825530498023,35.966502532193346,2.3081285714285715,2.3245047619047616,2.3382,2.2938,0.055711749637029954,43.434735371721246,602.7085714285714,592.2071428571429,631.69,602.2,24.46099304918742,59.940087145969486,128.40857142857143,136.45380952380953,128.01,126.13,4.5692794055194685,35.64473295957512,0.17072285714285715,0.18739380952380952,0.17332,0.16817,0.0037055755930817847,35.996028522429825,0.7210285714285715,0.7707714285714286,0.7175,0.7049,0.018816102526445586,28.175182481751833,0.2231,0.2314142857142857,0.2206,0.2119,0.007479081940096323,46.088193456614505
2025-03-19,86845.94,2056.06,2.5469,618.7,135.33,0.2309,0.17799,0.7436,0.0,83654.70714285715,85142.09666666666,82715.03,84010.03,1797.2917815398764,44.03290979419319,1930.6171428571429,2077.2266666666665,1931.54,1926.31,61.128341412254834,39.79965472878616,2.3520285714285714,2.3411095238095236,2.2851,2.3382,0.09785018675311383,51.5648880324274,609.6842857142857,592.5466666666667,627.81,631.69,20.111236376002473,54.75371747211897,129.65285714285716,136.4542857142857,125.33,128.01,5.150070272288922,42.82343688556824,0.1715157142857143,0.18617666666666666,0.16802,0.17332,0.0046160981255401684,38.39270199826239,0.7221142857142857,0.7753523809523809,0.7017,0.7175,0.02000561825849826,29.297646847494164,0.22424285714285716,0.2315904761904762,0.2371,0.2206,0.008034064380884581,41.51193633952254
2025-03-20,84223.39,1983.79,2.4361,630.47,127.6,0.2339,0.16949,0.718,0.0,84098.65142857144,85118.99238095239,86845.94,82715.03,1407.0767535027671,41.46843117773163,1947.6457142857143,2061.8014285714285,2056.06,1931.54,56.06247730798556,38.410926340588574,2.3782285714285716,2.3524238095238097,2.5469,2.2851,0.09114522686873222,44.588887422462726,616.9228571428572,593.74,618.7,627.81,16.324664074426636,57.54118012698132,130.25714285714287,135.9742857142857,135.33,125.33,4.496723675023206,40.30845157310303,0.17212428571428573,0.18439666666666668,0.17799,0.16802,0.003869775433357326,36.69656203288492,0.7242571428571428,0.7788238095238095,0.7436,0.7017,0.018352007805038272,31.688362152710326,0.22547142857142857,0.23184285714285713,0.2309,0.2371,0.008839817925296218,45.85561497326203
2025-03-21,84088.79,1965.75,2.3809,635.17,128.48,0.2335,0.16727,0.705,0.0,84113.73571428572,85106.55666666667,84223.39,86845.94,1406.1985046674022,45.54662861847915,1955.3742857142856,2048.8566666666666,1983.79,2056.06,53.962898012508404,40.22784106696305,2.3817285714285714,2.363642857142857,2.4361,2.5469,0.09063628254891089,49.83038348082596,623.6957142857143,595.9828571428571,630.47,618.7,11.257240421381404,58.851884312007016,129.53428571428572,135.03619047619046,127.6,135.33,4.282650492170189,43.00730675554416,0.1714571428571429,0.18275047619047619,0.16949,0.17799,0.004286909198483674,36.96361355081557,0.7196428571428571,0.7822619047619047,0.718,0.7436,0.018585196361876898,37.12724789437741,0.22705714285714285,0.23185238095238095,0.2339,0.2309,0.009185832777137332,42.956764295676436
2025-03-22,83840.59,1980.69,2.3711,627.01,128.51,0.237,0.16737,0.7014,0.0,84042.61428571427,85000.65476190475,84088.79,84223.39,1405.529210485803,46.04716726875399,1961.5914285714284,2037.585238095238,1965.75,1983.79,54.02296654469584,36.93049219547093,2.3788714285714287,2.372190476190476,2.3809,2.4361,0.09060685614760436,51.72229026331905,624.7214285714286,596.8914285714286,635.17,630.47,11.173099284400443,57.224423707869946,128.48428571428573,134.31476190476192,128.48,127.6,3.249706946493083,44.38276500132171,0.17023285714285713,0.18087619047619047,0.16727,0.16949,0.004007953402429097,39.00484368119772,0.7131571428571428,0.7842666666666667,0.705,0.718,0.015128874946368583,37.930232558139544,0.22927142857142857,0.23199047619047622,0.2335,0.2339,0.009486255721782617,45.46666666666666
2025-03-23,86082.5,2005.99,2.4393,623.79,132.84,0.23,0.1726,0.7107,0.0,84543.75285714286,84610.7738095238,83840.59,84088.79,1420.1500714211052,59.94728883449551,1978.59,2013.1985714285713,1980.69,1965.75,44.5263543683616,48.96235104484485,2.399657142857143,2.3483666666666667,2.3711,2.3809,0.08430871558628945,62.66004043126684,627.8057142857143,596.8842857142857,627.01,635.17,5.41744053080293,67.33179584879174,129.44285714285712,132.13047619047617,128.51,128.48,3.424449903684892,54.554612174413585,0.17086571428571426,0.1776995238095238,0.16737,0.16727,0.003977574039279248,52.38548608907226,0.7139857142857142,0.7640619047619048,0.7014,0.705,0.014755499378359347,48.481439820022494,0.23185714285714284,0.23131904761904765,0.237,0.2335,0.005655338817689174,48.50640113798009
2025-03-24,87498.16,2081.2,2.4501,637.08,141.01,0.2282,0.183,0.732,0.0,85042.05714285714,84671.60952380953,86082.5,83840.59,1770.4269118654179,67.01542460673943,2000.717142857143,2009.969523809524,2005.99,1980.69,52.063931761630606,67.57653642190192,2.4156428571428568,2.3513571428571427,2.4393,2.3711,0.0812675182579724,69.82144509205294,628.5757142857143,599.7880952380953,623.79,627.01,6.362210981369106,77.84693285510839,131.29999999999998,132.0757142857143,132.84,128.51,5.4461607272148385,66.33079026918092,0.17224857142857145,0.17693142857142857,0.1726,0.16737,0.006093136654102572,65.90409150901891,0.716057142857143,0.7580714285714285,0.7107,0.7014,0.016271023031026368,59.30802204531536,0.23294285714285715,0.23117619047619045,0.23,0.237,0.0034228921216122054,49.277456647398836
2025-03-25,87392.87,2066.15,2.4492,629.82,143.64,0.2272,0.19062,0.7448,0.0,85710.31999999999,84676.89,87498.16,86082.5,1622.3289711399814,60.1695301733062,2019.9471428571428,2004.952380952381,2081.2,2005.99,46.85322710848957,62.48731319777413,2.439085714285714,2.351114285714286,2.4501,2.4393,0.0575385791903006,64.91472701919983,628.8628571428571,601.9695238095238,637.08,623.79,6.367248789146098,72.12697334917672,133.91571428571427,132.0209523809524,141.01,132.84,6.412292510334062,64.05409558936529,0.17547714285714286,0.17653,0.183,0.1726,0.008845156328525065,64.8047229791099,0.7222142857142856,0.7487333333333334,0.732,0.7107,0.017995965156244305,53.61256544502619,0.23152857142857144,0.23044285714285712,0.2282,0.23,0.0034639641480610794,52.14067278287463
2025-03-26,86909.17,2009.52,2.3494,617.99,137.34,0.2314,0.1949,0.7287,0.0,85719.35285714285,84500.85,87392.87,87498.16,1629.8642650102036,57.45249196486558,2013.2985714285714,1993.9014285714286,2066.15,2081.2,44.09556229700713,58.26616192931501,2.4108714285714288,2.343952380952381,2.4492,2.4501,0.04225204982348243,55.697384806973865,628.7614285714286,602.9100000000001,629.82,637.08,6.558893271917634,64.12800939518496,134.20285714285714,131.5952380952381,143.64,141.01,6.530101362882121,57.646219686162624,0.17789285714285713,0.17606285714285713,0.19062,0.183,0.011543424844590767,63.29623490409659,0.7200857142857142,0.7370476190476191,0.7448,0.732,0.01579097089810376,48.74441004471965,0.2316,0.22985714285714284,0.2272,0.2282,0.0034539832078348143,56.24082232011748
2025-03-27,87232.01,2003.66,2.341,637.36,138.43,0.235,0.19046,0.7381,0.0,86149.1557142857,84372.28428571428,86909.17,87392.87,1565.027072394802,65.74503172314084,2016.1371428571426,1984.4471428571428,2009.52,2066.15,42.489715506379206,62.09073046895379,2.3972857142857142,2.3316142857142856,2.3494,2.4492,0.047723070192221675,54.60423401814582,629.7457142857144,604.8557142857143,617.99,629.82,7.329722271099679,66.0120173584066,135.75,131.36285714285714,137.34,143.64,5.963343581134505,61.08330880188401,0.18088857142857143,0.17553571428571427,0.1949,0.19062,0.011718993740316389,65.4425266250459,0.7229571428571429,0.7290285714285715,0.7287,0.7448,0.01712005229186487,56.570572819168845,0.23175714285714283,0.2296142857142857,0.2314,0.2272,0.0035980814993820352,56.998556998557
2025-03-28,84424.38,1896.9,2.2073,619.81,129.49,0.2325,0.18024,0.7062,0.0,86197.09714285715,84259.07619047619,87232.01,86909.17,1494.964556321388,51.13923815288383,2006.3014285714285,1972.794761904762,2003.66,2009.52,60.32370828253111,48.83823506245963,2.372485714285714,2.3231285714285717,2.341,2.3494,0.0867810929594594,42.461320659318446,627.5514285714286,606.0480952380952,637.36,617.99,7.72377590856566,58.46405746580044,135.8942857142857,130.89142857142858,138.43,137.34,5.767116139928167,46.9644730924899,0.18274142857142855,0.1746690476190476,0.19046,0.1949,0.010123672634914137,54.87089201877934,0.7231285714285713,0.7237,0.7381,0.7287,0.016915053875735785,44.125425009444676,0.23161428571428572,0.22908571428571425,0.235,0.2314,0.0035366785601889357,57.32946298984038
2025-03-29,82648.54,1828.08,2.1351,602.99,124.58,0.2318,0.16957,0.6732,0.0,86026.80428571429,84088.89,84424.38,87232.01,1836.9199052295796,45.9345231851744,1984.5,1954.9138095238097,1896.9,2003.66,90.93359756806193,41.95631977112856,2.338771428571429,2.314033333333333,2.2073,2.341,0.12488610430155635,37.52922837100546,624.12,606.5190476190476,619.81,637.36,12.100192835929924,45.163143382352935,135.33285714285714,130.2995238095238,129.49,138.43,6.718590413386458,41.861471861471856,0.1830557142857143,0.1735847619047619,0.18024,0.19046,0.009586855336238112,46.53314466093393,0.7191000000000001,0.7174142857142857,0.7062,0.7381,0.0245758689232615,37.23108952116586,0.2308714285714286,0.22851428571428573,0.2325,0.235,0.002652492089661995,57.49636098981078
2025-03-30,82389.99,1807.74,2.1369,602.2,124.82,0.2319,0.16652,0.6612,0.0,85499.30285714286,84167.72904761905,82648.54,84424.38,2292.0573096944836,49.5213759805127,1956.1785714285713,1944.7866666666664,1828.08,1896.9,111.64009829636782,43.88690072191028,2.2955714285714284,2.313947619047619,2.1351,2.2073,0.13611369897118777,41.572671608121155,621.0357142857143,608.7833333333333,602.99,619.81,14.6758064595482,50.0,134.18714285714287,130.21904761904761,124.58,129.49,7.809758242706034,48.90486540712256,0.18218714285714288,0.17351000000000003,0.16957,0.18024,0.010880209425499053,49.053356282271956,0.7120285714285715,0.7145428571428571,0.6732,0.7062,0.03305463730884135,41.540843979868384,0.23114285714285715,0.22850476190476188,0.2318,0.2325,0.0026456613179938336,66.89189189189192
2025-03-31,82550.01,1822.43,2.0899,604.81,124.54,0.2388,0.16666,0.6618,0.0,84792.42428571428,84356.0219047619,82389.99,82648.54,2335.4627500766073,45.94499713931798,1919.2114285714285,1942.7547619047618,1807.74,1828.08,106.04511970991128,41.671744219606836,2.2441142857142857,2.3172,2.1369,2.1351,0.1360443730132613,36.70058918050347,616.4257142857142,612.2747619047619,602.2,602.99,13.840554970982245,39.69008898435098,131.83428571428573,130.5152380952381,124.82,124.58,7.892173036501783,47.01941247208384,0.17985285714285712,0.1741090476190476,0.16652,0.16957,0.0123326324768633,45.94594594594595,0.702,0.714095238095238,0.6612,0.6732,0.036459338081393275,38.69265123832725,0.23265714285714287,0.22896190476190478,0.2319,0.2318,0.003557085484334277,65.85365853658541
2025-04-01,85158.34,1904.98,2.1387,611.13,126.67,0.2378,0.17398,0.677,0.0,84473.20571428571,84461.99095238096,82550.01,82389.99,2056.8823683985297,56.3245656586783,1896.187142857143,1941.8761904761905,1822.43,1807.74,84.03785867381399,48.105509429655626,2.199757142857143,2.315657142857143,2.0899,2.1369,0.10514082393220409,42.12225570383124,613.7557142857142,615.1090476190476,604.81,602.2,12.570475802640887,43.719879518072304,129.41,130.57809523809524,124.54,124.82,6.0535554291113405,51.1619840443982,0.17747571428571426,0.17455857142857142,0.16666,0.16652,0.011485979652223248,53.54087452471482,0.6923142857142858,0.7118523809523809,0.6618,0.6612,0.03191699800897264,44.97354497354499,0.23417142857142856,0.2296,0.2388,0.2319,0.003069589704241407,50.83532219570406
2025-04-02,82516.29,1795.22,2.0237,590.68,117.42,0.2341,0.16383,0.64,0.0,83845.65142857142,84406.57047619048,85158.34,82550.01,1849.4781653882355,37.856597541842,1865.5728571428572,1936.4961904761903,1904.98,1822.43,74.34554026400414,30.994433272128475,2.1532285714285715,2.3053761904761907,2.1387,2.0899,0.09981343787763337,16.564417177914066,609.8542857142857,616.1,611.13,604.81,15.03392037709323,40.28028305813788,126.56428571428572,130.14000000000001,126.67,124.54,6.377849316560507,34.26462836056932,0.17303714285714286,0.17414857142857146,0.17398,0.16666,0.009453921081190527,41.60540668721839,0.6796428571428571,0.7072809523809523,0.677,0.6618,0.032662611507290606,28.48837209302326,0.23455714285714285,0.23013333333333333,0.2378,0.2388,0.00282303450377914,54.06091370558377
2025-04-03,83213.09,1817.23,2.0648,592.67,117.17,0.2382,0.16231,0.6508,0.0,83271.52,84506.44238095239,82516.29,85158.34,1091.5385327754511,46.823239685512355,1838.94,1934.2409523809522,1795.22,1904.98,43.7175887563635,36.90483678218756,2.1137714285714284,2.2964285714285717,2.0237,2.1387,0.05977705006342667,23.951171600954083,603.47,616.7128571428572,590.68,611.13,10.079138521388995,35.93331348615658,123.52714285714285,129.8447619047619,117.42,126.67,4.599810555103967,39.44972688650618,0.1690157142857143,0.1740095238095238,0.16383,0.17398,0.006252628399690318,45.35935884177869,0.6671714285714286,0.7047952380952381,0.64,0.677,0.02131898326888625,35.132743362831874,0.2350142857142857,0.23074761904761903,0.2341,0.2378,0.003147183169878333,55.30864197530865
2025-04-04,83889.87,1816.87,2.1302,597.71,122.79,0.239,0.17128,0.6603,0.0,83195.16142857143,84501.99809523809,83213.09,82516.29,1013.3438322444515,49.39514461553431,1827.507142857143,1929.7276190476193,1817.23,1795.22,35.777360492543266,37.96014750598433,2.102757142857143,2.285657142857143,2.0648,2.0237,0.04493120137657721,32.66011896527871,600.3128571428571,617.1866666666667,592.67,590.68,7.140767265698425,36.095025983667455,122.57000000000001,129.33285714285714,117.17,117.42,3.7754558223683605,44.748015506738064,0.1677357142857143,0.17397809523809524,0.16231,0.16383,0.004128069997542785,52.38378314112472,0.6606142857142857,0.7011285714285714,0.6508,0.64,0.012583114157662494,39.95505617977528,0.23594285714285715,0.2315380952380952,0.2382,0.2341,0.003239267994911856,56.723716381418086
2025-04-05,83537.99,1806.01,2.1442,593.13,120.32,0.2375,0.16898,0.6547,0.0,83322.22571428571,84463.88142857142,83889.87,83213.09,988.8472622514317,49.08565033044708,1824.3542857142859,1923.4819047619046,1816.87,1817.23,36.6795414626279,35.77987626180396,2.104057142857143,2.2739,2.1302,2.0648,0.04613837365804313,34.396919268326215,598.9042857142857,615.9152380952381,597.71,592.67,7.488671126315243,37.080536912751704,121.96142857142857,128.59285714285716,122.79,117.17,3.740639110148067,42.76629570747218,0.16765142857142856,0.17364666666666667,0.17128,0.16231,0.004090225864044495,50.93268450932684,0.6579714285714287,0.6967428571428571,0.6603,0.6508,0.01138488973533425,39.599109131403104,0.23675714285714286,0.23229999999999998,0.239,0.2382,0.002694968857493526,50.64267352185091
2025-04-06,78430.0,1580.76,1.9218,555.54,105.91,0.2301,0.14927,0.5737,0.0,82756.51285714285,84266.52285714286,83537.99,83889.87,2109.1667076416857,30.29063490297402,1791.9285714285713,1908.8990476190475,1806.01,1816.87,99.81189431937955,23.885033470490683,2.073328571428571,2.2561857142857145,2.1442,2.1302,0.07989763689216324,20.639963690003412,592.2385714285714,613.6933333333333,593.13,597.71,17.771974593510738,29.37941869599375,119.25999999999999,127.63,120.32,122.79,6.859873662586981,29.8095666516719,0.16518714285714284,0.1727466666666667,0.16898,0.17128,0.008108303797714997,38.426431193570785,0.6454714285714286,0.6904952380952382,0.6547,0.6603,0.03360355706795124,26.873733963538157,0.2365,0.23316666666666666,0.2375,0.239,0.003261901286060467,50.12722646310432
2025-04-07,79163.24,1553.04,1.8987,554.6,106.99,0.2287,0.14958,0.5864,0.0,82272.68857142856,84035.72333333334,78430.0,83537.99,2514.0230051813787,27.750929745116892,1753.4442857142858,1891.1242857142856,1580.76,1806.01,132.6301977752758,15.554483082461587,2.0460142857142856,2.235257142857143,1.9218,2.1442,0.10271305383723586,19.14726947179946,585.0657142857143,610.0223809523809,555.54,593.13,21.577498200010048,23.070393104348966,116.75285714285714,126.62904761904763,105.91,120.32,7.756946809764214,21.45973154362416,0.16274714285714284,0.17161619047619048,0.14927,0.16898,0.009951599057908784,31.576626240352795,0.6346999999999999,0.684252380952381,0.5737,0.6547,0.03912765432955755,24.68706536856746,0.23505714285714285,0.23355238095238093,0.2301,0.2375,0.004179655943917791,50.64267352185091
2025-04-08,76322.42,1473.41,1.7963,553.72,105.4,0.2306,0.14225,0.5583,0.0,81010.41428571429,83731.31333333334,79163.24,78430.0,2995.753308762619,24.21455413954878,1691.7914285714285,1869.3085714285717,1553.04,1580.76,149.66252096285328,14.346037245560836,1.9970999999999999,2.2119809523809524,1.8987,1.9218,0.12930465317741913,17.19425183398654,576.8642857142856,606.4942857142858,554.6,555.54,20.920059637536934,24.073316980103584,113.71428571428571,125.67999999999999,106.99,105.91,7.381605193864142,17.349726775956285,0.1582142857142857,0.17038904761904763,0.14958,0.14927,0.011138029234920294,23.24964052649038,0.6177428571428571,0.6774238095238095,0.5864,0.5737,0.04324484004452098,19.21426213271708,0.23402857142857142,0.2332428571428571,0.2287,0.2301,0.004276959311518506,54.271356783919586
2025-04-09,82615.22,1669.51,2.0529,582.32,119.05,0.2385,0.16031,0.6315,0.0,81024.54714285715,83529.85047619048,76322.42,79163.24,3004.2627734588655,42.12857879780332,1673.8328571428572,1850.9014285714286,1473.41,1553.04,142.55679671794095,32.48653047769159,2.0012714285714286,2.1884571428571427,1.7963,1.8987,0.1307685195843596,37.129959197847036,575.67,604.7619047619048,553.72,554.6,20.227044602050494,39.09374426710697,113.94714285714285,124.9047619047619,105.4,106.99,7.541955348328266,36.12501896525565,0.15771142857142856,0.16954714285714287,0.14225,0.14958,0.010919553453273221,33.400518283904404,0.6165285714285714,0.6720857142857143,0.5583,0.5864,0.042630689817146156,36.49999999999999,0.23465714285714287,0.23360476190476187,0.2306,0.2287,0.004600310548523959,58.160919540229884
2025-04-10,79607.3,1522.25,1.9658,578.03,112.81,0.2363,0.15357,0.6094,0.0,80509.43428571429,83310.03666666667,82615.22,76322.42,2872.717926435206,37.275459644567135,1631.6928571428573,1828.9233333333334,1669.51,1473.41,136.57647829627814,28.35600794885397,1.9871285714285716,2.1660619047619045,2.0529,1.7963,0.12807851386663183,34.75540386803186,573.5785714285714,602.2647619047618,582.32,553.72,18.8889345284231,30.016840687100043,113.32428571428571,124.2004761904762,119.05,105.4,7.410321309143663,31.97298057979171,0.15646285714285715,0.16878904761904762,0.16031,0.14225,0.010805183500340612,32.67912480045075,0.6106142857142858,0.6669142857142857,0.6315,0.5583,0.039865792712191796,32.73410249530454,0.23438571428571428,0.23371904761904763,0.2385,0.2306,0.004408487484927871,51.54394299287414
2025-04-11,83423.84,1566.85,2.0225,585.93,121.41,0.243,0.16004,0.6239,0.0,80442.85857142857,83278.37238095238,79607.3,82615.22,2785.391608556071,48.384639626781905,1595.9757142857143,1809.9280952380952,1522.25,1669.51,110.22917669674564,34.28258488499452,1.9717428571428572,2.148995238095238,1.9658,2.0529,0.11368765481415341,41.990291262135926,571.8957142857143,599.92,578.03,582.32,16.788681561439965,37.79538904899136,113.12714285714287,123.86380952380952,112.81,119.05,7.1295645362235955,44.28733031674207,0.15485714285714286,0.1684447619047619,0.15357,0.16031,0.00890423066914628,40.169359548374516,0.6054142857142857,0.663052380952381,0.6094,0.6315,0.034288600076965985,38.41823810864057,0.23495714285714284,0.23417142857142859,0.2363,0.2385,0.005279475082132756,61.33909287257018
2025-04-12,85276.9,1644.18,2.1598,597.29,132.24,0.246,0.16763,0.6595,0.0,80691.27428571429,83346.7680952381,83423.84,79607.3,3159.814970357525,54.232902735807066,1572.857142857143,1793.9038095238093,1566.85,1522.25,67.54110099645871,41.3128507454226,1.9739714285714285,2.138933333333333,2.0225,1.9658,0.1177133200376447,51.01337490768852,572.49,598.504761904762,585.93,578.03,17.713749838284926,47.86260686965651,114.83,124.04142857142857,121.41,112.81,9.9854076865521,54.99739039665972,0.15466428571428573,0.16845714285714286,0.16004,0.15357,0.008555138528272733,49.02669074854506,0.6061,0.6610571428571429,0.6239,0.6094,0.03546627506049491,48.08605755797708,0.23617142857142856,0.23459999999999998,0.243,0.2363,0.006737881537920553,64.60905349794238
2025-04-13,83760.0,1597.76,2.1196,584.28,128.38,0.2547,0.1626,0.6383,0.0,81452.70285714287,83236.17285714287,85276.9,83423.84,3166.277670229,52.12042174106713,1575.2857142857142,1774.4642857142858,1644.18,1566.85,68.17528067593416,40.3193980858244,2.0022285714285717,2.123709523809524,2.1598,2.0225,0.1265142378586368,49.311908360512305,576.5957142857143,596.6233333333333,597.29,585.93,16.41323130601558,43.844462764495724,118.03999999999999,123.82904761904763,132.24,121.41,10.24823236790884,52.21779217542985,0.15656857142857142,0.1679809523809524,0.16763,0.16004,0.00863747152154826,48.07162534435261,0.6153285714285713,0.6576095238095238,0.6595,0.6239,0.034005034641246795,46.88095886679378,0.23968571428571428,0.23577619047619047,0.246,0.243,0.00905896031036472,69.93006993006993
2025-04-14,84591.58,1623.77,2.1275,584.54,129.42,0.2521,0.15854,0.6353,0.0,82228.18000000001,83097.76428571428,83760.0,85276.9,3176.823404492867,53.09547440934794,1585.3899999999999,1752.6819047619051,1597.76,1644.18,69.55620197608278,40.935885970835685,2.0349142857142857,2.108347619047619,2.1196,2.1598,0.12485417398671228,51.543513957307056,580.8728571428571,594.1214285714286,584.28,597.29,13.339212513345782,42.92298023881016,121.24428571428572,123.27714285714285,128.38,132.24,9.709852139523905,53.011602073562074,0.15784857142857142,0.16681619047619048,0.1626,0.16763,0.008074786743451804,46.153846153846146,0.6223142857142856,0.653004761904762,0.6383,0.6595,0.03203760439293342,46.41407307171853,0.24302857142857143,0.23691428571428572,0.2547,0.246,0.008637074019542003,62.570888468809066
2025-04-15,83643.99,1588.78,2.0842,579.52,126.11,0.2505,0.15356,0.6091,0.0,83274.11857142857,82919.2461904762,84591.58,83760.0,1826.7387138508018,47.582142646159554,1601.8714285714286,1729.9500000000003,1623.77,1597.76,49.32697146886252,34.91843937804063,2.076042857142857,2.0909666666666666,2.1275,2.1196,0.06730871308487812,47.75257731958763,584.5585714285714,591.7261904761905,584.54,584.28,6.28581320268588,38.862659432034405,124.20285714285716,122.44238095238094,129.42,128.38,6.79520839583645,49.659367396593666,0.1594642857142857,0.16505142857142857,0.15854,0.1626,0.004966819428763299,40.10850610346832,0.6295714285714286,0.6465428571428572,0.6353,0.6383,0.01763790560938919,41.07752956636004,0.24587142857142857,0.23802380952380953,0.2521,0.2547,0.006980619429466568,61.86915887850468
2025-04-16,83675.0,1590.82,2.0829,583.63,126.43,0.2528,0.15505,0.6114,-0.7,83425.5157142857,82765.23809523809,83643.99,84591.58,1806.836872381004,52.01831324327441,1590.6299999999999,1710.0119047619048,1588.78,1623.77,39.28840032381418,39.1343639031236,2.0803285714285713,2.0782761904761906,2.0842,2.1275,0.06654025634370005,52.693847834000735,584.7457142857143,590.0899999999999,579.52,584.54,6.227286346243271,47.19280082822332,125.25714285714285,121.92285714285715,126.11,129.42,6.424909115532016,56.14849187935036,0.15871285714285716,0.1631538095238095,0.15356,0.15854,0.0052095096195357215,45.35744500846023,0.6266999999999999,0.6409571428571429,0.6091,0.6353,0.018865047044733543,45.86466165413534,0.2479142857142857,0.23904285714285714,0.2505,0.2521,0.006542534822586692,67.94625719769678
